<favourites>
    <favourite name="-- RECENTLY ADDED --" thumb="C:/ProgramData/Kodi/wanhabit-thumbnail/RECENTLY-ADDED.png">ActivateWindow(10025,"plugin://plugin.googledrive/?action=_list_folder&amp;content_type=video&amp;driveid=0AEPssDz88CsNUk9PVA&amp;item_driveid=0AEPssDz88CsNUk9PVA&amp;item_id=1-dovely7JONuHN2HkFzrRlGCzVog-vUE",return)</favourite>
    <favourite name="--! IN THEATERS !--" thumb="C:/ProgramData/Kodi/wanhabit-thumbnail/IN-THEATERS.png">ActivateWindow(10025,"plugin://plugin.googledrive/?action=_list_folder&amp;content_type=video&amp;driveid=0AEPssDz88CsNUk9PVA&amp;item_driveid=0AEPssDz88CsNUk9PVA&amp;item_id=1uv3Ds0NqWibk3A-Mjppa3P1tPJhP2wXs",return)</favourite>
    <favourite name="!!NEW MOVIES UPDATE!!" thumb="C:/ProgramData/Kodi/wanhabit-thumbnail/NEW-MOVIES-UPDATE.png">ActivateWindow(10025,"plugin://plugin.googledrive/?action=_list_folder&amp;content_type=video&amp;driveid=0AEPssDz88CsNUk9PVA&amp;item_driveid=0AEPssDz88CsNUk9PVA&amp;item_id=1rYbNY2iLnj6Tx5o96K1RZvY26aqszP0x",return)</favourite>
    <favourite name="!MOVIES TODAY!" thumb="C:/ProgramData/Kodi/wanhabit-thumbnail/MOVIES-TODAY.png">ActivateWindow(10025,"plugin://plugin.googledrive/?action=_list_folder&amp;content_type=video&amp;driveid=0AEPssDz88CsNUk9PVA&amp;item_driveid=0AEPssDz88CsNUk9PVA&amp;item_id=1fsAIvKBCVmZ9ybnsEJ4RynbLsEvqUH_r",return)</favourite>
    <favourite name="I ALL-MOVIES" thumb="C:/ProgramData/Kodi/wanhabit-thumbnail/ALL-MOVIES.png">ActivateWindow(10025,"plugin://plugin.googledrive/?action=_list_folder&amp;content_type=video&amp;driveid=0AEPssDz88CsNUk9PVA&amp;item_driveid=0AEPssDz88CsNUk9PVA&amp;item_id=1QSHyfhlKW7BYxoUbvGzGGXQAMyBsOVgB",return)</favourite>
    <favourite name="II COMPLETE-SERIES" thumb="C:/ProgramData/Kodi/wanhabit-thumbnail/COMPLETE-SERIES.png">ActivateWindow(10025,"plugin://plugin.googledrive/?action=_list_folder&amp;content_type=video&amp;driveid=0AEPssDz88CsNUk9PVA&amp;item_driveid=0AEPssDz88CsNUk9PVA&amp;item_id=13OVbWFTvyquU39UTuGfjpc-ZoJEz503h",return)</favourite>
    <favourite name="III TV-SERIES" thumb="C:/ProgramData/Kodi/wanhabit-thumbnail/TV-SERIES.png">ActivateWindow(10025,"plugin://plugin.googledrive/?action=_list_folder&amp;content_type=video&amp;driveid=0AEPssDz88CsNUk9PVA&amp;item_driveid=0AEPssDz88CsNUk9PVA&amp;item_id=1ZM61vsAGhtbjGSQUk1imU1WJPsxOAUYt",return)</favourite>
    <favourite name="IV GENRES" thumb="C:/ProgramData/Kodi/wanhabit-thumbnail/GENRES.png">ActivateWindow(10025,"plugin://plugin.googledrive/?action=_list_folder&amp;content_type=video&amp;driveid=0AEPssDz88CsNUk9PVA&amp;item_driveid=0AEPssDz88CsNUk9PVA&amp;item_id=1CnDf__BAYcYoAOubJJcdIQldCpdNXxDA",return)</favourite>
    <favourite name="V BLU-RAY" thumb="C:/ProgramData/Kodi/wanhabit-thumbnail/BLU-RAY.png">ActivateWindow(10025,"plugin://plugin.googledrive/?action=_list_folder&amp;content_type=video&amp;driveid=0AEPssDz88CsNUk9PVA&amp;item_driveid=0AEPssDz88CsNUk9PVA&amp;item_id=13R7NWLmcGHgaKaFC7x9XGwXF49Ji8xiY",return)</favourite>
    <favourite name="VI WEB-DL" thumb="C:/ProgramData/Kodi/wanhabit-thumbnail/WEB-DL.png">ActivateWindow(10025,"plugin://plugin.googledrive/?action=_list_folder&amp;content_type=video&amp;driveid=0AEPssDz88CsNUk9PVA&amp;item_driveid=0AEPssDz88CsNUk9PVA&amp;item_id=17lDqZ5SG9NKiDTAeNN0OFWJOFEzy8hSl",return)</favourite>
</favourites>
