<favourites>
    <favourite name="!!NEW MOVIES UPDATE!!" thumb="C:/ProgramData/Kodi/wanhabit-thumbnail/NEW-MOVIES-UPDATE.png">ActivateWindow(10025,&quot;plugin://plugin.googledrive/?action=_list_folder&amp;content_type=video&amp;driveid=0ALzQV2cv0BkAUk9PVA&amp;item_driveid=0ALzQV2cv0BkAUk9PVA&amp;item_id=1rYbNY2iLnj6Tx5o96K1RZvY26aqszP0x&quot;,return)</favourite>
    <favourite name="!MOVIES TODAY!" thumb="C:/ProgramData/Kodi/wanhabit-thumbnail/MOVIES-TODAY.png">ActivateWindow(10025,&quot;plugin://plugin.googledrive/?action=_list_folder&amp;content_type=video&amp;driveid=0ALzQV2cv0BkAUk9PVA&amp;item_driveid=0ALzQV2cv0BkAUk9PVA&amp;item_id=1fsAIvKBCVmZ9ybnsEJ4RynbLsEvqUH_r&quot;,return)</favourite>
    <favourite name="ALL-MOVIES" thumb="C:/ProgramData/Kodi/wanhabit-thumbnail/ALL-MOVIES.png">ActivateWindow(10025,&quot;plugin://plugin.googledrive/?action=_list_folder&amp;content_type=video&amp;driveid=0ALzQV2cv0BkAUk9PVA&amp;item_driveid=0ALzQV2cv0BkAUk9PVA&amp;item_id=1QSHyfhlKW7BYxoUbvGzGGXQAMyBsOVgB&quot;,return)</favourite>
    <favourite name="COMPLETE SERIES" thumb="C:/ProgramData/Kodi/wanhabit-thumbnail/COMPLETE-SERIES.png">ActivateWindow(10025,&quot;plugin://plugin.googledrive/?action=_list_folder&amp;content_type=video&amp;driveid=0ALzQV2cv0BkAUk9PVA&amp;item_driveid=0ALzQV2cv0BkAUk9PVA&amp;item_id=13OVbWFTvyquU39UTuGfjpc-ZoJEz503h&quot;,return)</favourite>
    <favourite name="TV-SERIES" thumb="C:/ProgramData/Kodi/wanhabit-thumbnail/TV-SERIES.png">ActivateWindow(10025,&quot;plugin://plugin.googledrive/?action=_list_folder&amp;content_type=video&amp;driveid=0ALzQV2cv0BkAUk9PVA&amp;item_driveid=0ALzQV2cv0BkAUk9PVA&amp;item_id=1ZM61vsAGhtbjGSQUk1imU1WJPsxOAUYt&quot;,return)</favourite>
    <favourite name="BLU-RAY" thumb="C:/ProgramData/Kodi/wanhabit-thumbnail/BLU-RAY.png">ActivateWindow(10025,&quot;plugin://plugin.googledrive/?action=_list_folder&amp;content_type=video&amp;driveid=0ALzQV2cv0BkAUk9PVA&amp;item_driveid=0ALzQV2cv0BkAUk9PVA&amp;item_id=13R7NWLmcGHgaKaFC7x9XGwXF49Ji8xiY&quot;,return)</favourite>
    <favourite name="WEB-DL" thumb="C:/ProgramData/Kodi/wanhabit-thumbnail/WEB-DL.png">ActivateWindow(10025,&quot;plugin://plugin.googledrive/?action=_list_folder&amp;content_type=video&amp;driveid=0ALzQV2cv0BkAUk9PVA&amp;item_driveid=0ALzQV2cv0BkAUk9PVA&amp;item_id=17lDqZ5SG9NKiDTAeNN0OFWJOFEzy8hSl&quot;,return)</favourite>
</favourites>
