<favourites>
    <favourite name="!!NEW MOVIES UPDATE!!" thumb="C:/ProgramData/Kodi/wanhabit-thumbnail/new-movies.png">ActivateWindow(10025,&quot;plugin://plugin.googledrive/?action=_list_folder&amp;content_type=video&amp;driveid=0ANLBTBG33joxUk9PVA&amp;item_driveid=0ANLBTBG33joxUk9PVA&amp;item_id=1e940ZFog_epmrZUcA5fWYjZ6xJEcIfLI&quot;,return)</favourite>
    <favourite name="!MOVIES TODAY!" thumb="C:/ProgramData/Kodi/wanhabit-thumbnail/movies-today.png">ActivateWindow(10025,&quot;plugin://plugin.googledrive/?action=_list_folder&amp;content_type=video&amp;driveid=0ANLBTBG33joxUk9PVA&amp;item_driveid=0ANLBTBG33joxUk9PVA&amp;item_id=1U3AkCBF_1ZVGFqo3LEggjKxQxVeT_dLM&quot;,return)</favourite>
    <favourite name="ALL-MOVIES" thumb="C:/ProgramData/Kodi/wanhabit-thumbnail/all-movies.png">ActivateWindow(10025,&quot;plugin://plugin.googledrive/?action=_list_folder&amp;content_type=video&amp;driveid=0ANLBTBG33joxUk9PVA&amp;item_driveid=0ANLBTBG33joxUk9PVA&amp;item_id=1TctGotpdfu5B3pXHNgQ2kxSiN9CFJAHz&quot;,return)</favourite>
    <favourite name="COMPLETE SERIES" thumb="C:/ProgramData/Kodi/wanhabit-thumbnail/complete-series.png">ActivateWindow(10025,&quot;plugin://plugin.googledrive/?action=_list_folder&amp;content_type=video&amp;driveid=0ANLBTBG33joxUk9PVA&amp;item_driveid=0ANLBTBG33joxUk9PVA&amp;item_id=1kGMaOK4k04bkAw6kKe169iG0PwuVSxho&quot;,return)</favourite>
    <favourite name="TV-SERIES" thumb="C:/ProgramData/Kodi/wanhabit-thumbnail/tv-series.png">ActivateWindow(10025,&quot;plugin://plugin.googledrive/?action=_list_folder&amp;content_type=video&amp;driveid=0ANLBTBG33joxUk9PVA&amp;item_driveid=0ANLBTBG33joxUk9PVA&amp;item_id=1XD5H-qwfVH0MzytHgfYHA-UYZht0mPi2&quot;,return)</favourite>
    <favourite name="BLU-RAY" thumb="C:/ProgramData/Kodi/wanhabit-thumbnail/blu-ray.png">ActivateWindow(10025,&quot;plugin://plugin.googledrive/?action=_list_folder&amp;content_type=video&amp;driveid=0ANLBTBG33joxUk9PVA&amp;item_driveid=0ANLBTBG33joxUk9PVA&amp;item_id=1Vx6fAB4mrF6NMrlBuF2kB261wo7GfwkZ&quot;,return)</favourite>
    <favourite name="WEB-DL" thumb="C:/ProgramData/Kodi/wanhabit-thumbnail/web-dl.png">ActivateWindow(10025,&quot;plugin://plugin.googledrive/?action=_list_folder&amp;content_type=video&amp;driveid=0ANLBTBG33joxUk9PVA&amp;item_driveid=0ANLBTBG33joxUk9PVA&amp;item_id=15pjEzqz5nvRTaN1fRA9NpNMwgTFN3tC5&quot;,return)</favourite>
</favourites>
